Type,Part No,Volume (cm^3),Mass (g),Capacitance (F),Max Voltage (V),Internal Resistance (Ohm),Energy Density (J/g),Energy Density (J/cm^3),Power Density (W/cm^3),Power Density (W/g)
Aerogel,Green,0.627554495384605,0.89,1,2.7,0.02,4.09550561797753,5.80826052049251,290.413026024625,204.775280898876
Activated Carbon,Black,0.318909721017548,0.56,1,2.7,4,6.50892857142857,11.4295669268716,2.85739173171789,1.62723214285714
Polyacene,Flat,0.468,0.6,0.5,2.5,0.08,2.60416666666667,3.33867521367521,83.4668803418803,65.1041666666667
Activated Carbon,Giant,66.465444267679,72.3,400,2.7,0.0032,20.1659751037344,21.9362108545929,17.1376647301507,15.7546680497925