Type,Energy Density (J/g),Power Density (W/g),Charge time,Cycle/life,Cost ($/KJ),Sustainability,Color,Link
Carbon Ultracapacitors,8.34364399,71.81533694,0.000277778,500000,1043.254138,6,#224477,Ultracaps
Graphene Ultra,308.16,2.7,0.00001,1000000,10000,5,#555555,Graphene
Lithium Ion,768.7,0.236,4,700,0.130555556,2,#aa0000,Lion
Fuel Cells,1584,0.04,0.083333333,100,1000,4,#0099ff,Cells
Lead Acid,127.8947368,0.001776316,15,600,0.031111111,3,#11aa11,Lead
Gasoline,44400,80000,0.083333333,1,2.94E-05,1,#ffdd00,gas
