Type,Energy Density (J/g),Power Density (W/g),Charge Speed (1/h),Lifetime Cycles,Kilojoules per Dollar,Sustainability,Color,Link
Graphene Ultra,308.16,2.7,100000,1000000,0.0001,5,#777777,Graphene
Fuel Cells,1584,0.04,12.00000005,100,0.001,4,#00aaff,Cells
Carbon Ultracapacitors,8.34364399,71.81533694,3599.99712,500000,0.000958539,6,#4488bb,Ultracaps
Gasoline,44400,80000,12.00000005,1,3.40E+04,1,#ffdd00,gas
Lithium Ion,768.7,0.236,0.25,700,7.659574442,2,#ee2200,Lion
Lead Acid,127.8947368,0.001776316,0.066666667,600,32.14285726,3,#11aa11,Lead
